setup,trades,pnl,win_rate
breakout retest,115,3939.0,0.591304347826087
liquidity sweep,81,2617.6,0.5432098765432098
VWAP reclaim,100,1910.2199999999998,0.54
range rejection,85,1393.88,0.5176470588235295
trend pullback,119,-1378.7200000000003,0.3865546218487395
