trades,total_pnl,win_rate,avg_win,avg_loss,profit_factor,max_drawdown
500,8481.98,0.512,133.90968750000002,-105.73319672131147,1.3287729321792792,-2239.970000000003
